Sentence ID,Biased Sentences,Toxicity,T-A Combination,Sources
38195,女人不都是物質生物嗎,0,"[('女人', '物質')]",Youtube
38207,講怎麼多你是怎樣追女人，女人反正只要包包,0,"[('女人', '包包')]",Youtube
38364,有趣，女生是先感覺後理性的！,0,"[('女生', '感覺')]",Youtube
38387,我物理化學理工都很好，可是地圖、走路怎麼走我跟女生一樣,0,"[('女生', None)]",Youtube
38693,可能是因為他們有錢，就算長得醜，只要有錢有自信，就可以讓很多女生喜歡。,0,"[('女生', '物質')]",Youtube
39468,我是覺得女生不喜歡宅宅很正常啦,0,"[('女生', '情感/感情')]",Youtube
40839,女生一定得溫柔婉約,0,"[('女生', '溫柔')]",Youtube
1246,對於女生來說都比較希望自己偏骨感,0,"[('女生', '骨感')]",Youtube
1403,他真的骨感...那雙腿是會讓女森們羨慕的！,0,"[('女森', '骨感'), ('女森', '腿')]",Youtube
1828,女生都只是看上他的錢，只能說這類的女生太多了,0,"[('女生', '物質')]",Youtube
4090,台灣女性在生育年齡如果還沒有小孩，在求職的時候會被主管懷疑無法持續穩定的工作,0,"[('女性', '小孩')]",Youtube
4128,女生為了家庭做家務照顧孩子放棄工作很正常吧,0,"[('女生', '家庭'), ('女生', '孩子'), ('女生', '家務')]",Youtube
4202,如果大家都不去生小孩的話，世界的末日就到了順其自然吧。 我從來沒聽過誰因為生下小孩以後就全家破產，或是說越過越窮，實際上生了小孩以後日子還會越過越好，為了我們人類的生存，女性就算犧牲也要生。,0,"[('女性', '小孩')]",Youtube
4368,女生會需要請育嬰假,0,"[('女生', '育嬰假')]",Youtube
4591,現在女生物質方面需求多,0,"[('女生', '物質')]",Youtube
5574,女生要的就是感覺,0,"[('女生', '感覺')]",Youtube
6286,女生都不敢直接承諾願意承擔家庭責任，女生如果願意承擔家庭責任，根本不會存在晚婚的問題,0,"[('女生', '家庭')]",Youtube
9095,女生才是最現實的吧,0,"[('女生', '現實')]",Youtube
9528,稱讚有魅力，就像說女生有氣質,0,"[('女生', '氣質')]",Youtube
11005,只要是女性都很愛說「覺得」、「感覺」就是了,0,"[('女', '感覺')]",Youtube
11723,為什麼雙薪家庭最後總是犧牲女性的事業？我們先抹除性別來看，兩人共組一家庭，一個月收七萬、另一個三萬，當今天遇到些事情，必須要有一個人放棄事業來負擔家務的時候，請問應該犧牲誰才是對整體家庭成本最小的？,0,"[('女性', '家庭'), ('女性', '家務')]",Youtube
17982,大胸部的女生會比較多人喜歡,0,"[('女生', '胸部')]",Youtube
19712,比工程數學還難懂的，我想就是女生的心思,0,"[('女生', '難懂')]",Youtube
19765,覺得女孩子真的是地球上最複雜的生物了,0,"[('女孩', '複雜')]",Youtube
22969,通常大齡女子，大部分都是台女,0,"[('台女', '大齡'), ('台女', '台女')]",Youtube
24450,可是女生忍痛力很低啊，受一點小傷就會在那叫來叫去,0,"[('女生', None)]",Youtubex
26570,女人的想法都是瞬息萬變，有時候他們自己也不知道自己的感覺,0,"[('女人', '難搞')]",Youtube
27173,嬌小的女生比較好，總是給人感覺年輕,0,"[('女生', '嬌小'), ('女生', '年輕')]",Youtube
27890,女性微微肉，比較耐看,0,"[('女性', '肉')]",Youtube
28030,身高矮的女生當然不用太介意，但要介意胸部,0,"[('女生', '胸部')]",Youtube
30507,女人是真的很現實的啊,0,"[('女人', '現實')]",Youtube
35183,很多女生都過於敏感又不真實表達要讓人去猜,0,"[('女生', '敏感')]",Youtube
36908,建議女孩應該好好保護自己,0,"[('女孩', '保護自己')]",Youtube
36991,女生對感覺更細膩,0,"[('女生', '感覺')]",Youtube
225,女生很溫柔的,0,"[('女生', '溫柔')]",Youtube
1305,那個女生是真的很漂亮，他的頭腰臀比感覺很完美,0,"[('女生', '美'), ('女生', '漂亮'), ('女生', '腰臀比')]",Youtube
1330,瘦瘦的女孩，好看,0,"[('女孩', '瘦')]",Youtube
1359,不管多高女生超過50就叫胖,0,"[('女生', '胖')]",Youtube
1389,歐洲女性瘦瘦但臀部有肉就很符合肉肉女定義，加上大多歐洲血統女生身高都有170，又高又肉就很符合,0,"[('女性', '瘦'), ('女性', '肉')]",Youtube
1500,女生化妝就是要釣外面的凱子啊,0,"[('女生', '化妝')]",Youtube
1527,多數女生要的又不是對方打扮，而是給的禮物跟吃大餐這種物質上,0,"[('女生', '物質')]",Youtube
1817,這個年輕女生長得真的很老,1,"[('女生', '老'), ('女生', '年輕')]",Youtube
3213,女生穿太少被騷亂是自己招來的,0,"[('女生', '騷擾')]",Youtube
4241,有些女性的夢想是當家庭主婦，他們本身即是社會期望的骨幹成員,0,"[('女性', '家庭主婦')]",Youtube
4402,現在女生普遍現實跟虛華,0,"[('女生', '現實')]",Youtube
4610,現在女生基本只要漂亮就能當條件，沒有歧視，但我的經驗跟身邊的人的經驗，這世代的女生幾乎什麼都不會，不想工作也不做家事，簡直就是找個祖宗來供養,1,"[('女生', '漂亮'), ('女生', '什麼都不會')]",Youtube
4668,文組商院的87%女生是這種想法,1,"[('女生', '文組')]",Youtube
4745,女生「很重視感覺」，有對到她的心,0,"[('女生', '感覺')]",Youtube
4863,人和人之間的關係本來就是建立在一定的互利狀況下才成立，擇偶時考慮到麵包也的確非常重要，但如果一開始就因為麵包的關係而先入為主，我發現這一點生活在亞洲的女生普遍特別嚴重，我猜應該是和生活環境有關， 因為麵包夠才考慮繼續認識和結婚,0,"[('女生', '結婚'), ('女生', '麵包')]",Youtube
5028,女生一定愛化妝、愛買包包,0,"[('女生', '化妝'), ('女生', '買包包')]",Youtube
5077,一推女生就想著，結婚是第二次人生，想找一個高富帥 過上爽爽的人生 自己只需要努力耍廢,0,"[('女生', '結婚')]",Youtube
5090,我倒覺得要花錢去買一個會傷害自己皮膚的東西，不如直接幫女生多貼一點錢去買保養品還比較實在,0,"[('女生', '保養')]",Youtube
5133,大部分女生最愛的條件，有一點錢月收入10萬、幽默感，隨時可以逗得女生花枝亂顫、外表乾淨穿著得體、貼心，基本上要認識女生不難,0,"[('女生', '物質')]",Youtube
5259,女生一開始問對方車房薪水，很正常,0,"[('女生', '物質')]",Youtube
5443,女人是情感的動物，就是對你沒感覺才會用收入來拒絕你,0,"[('女人', '情感')]",Youtube
5448,這種女人挑到後面都人老珠黃還在挑...算了,1,"[('女人', '老')]",Youtube
5479,女生多的是說不重要，但是都只挑比較多錢的職業作為對象，然後因為外遇這種跟錢沒關係的原因離婚。,0,"[('女生', '物質')]",Youtube
5498,現在的台灣女生不會幫你省，只會幫你花，還會幫你養小三，連煮都不會煮，要當花瓶也沒很漂亮當不了 ，也不會做家務，只會說我要去哪旅遊，跟共產黨沒兩樣，也不忠誠，小孩也不生,0,"[('女生', '漂亮'), ('女生', '家務'), ('女生', '小孩')]",Youtube
5504,多少女生要高富帥，結果這個隨便就喜歡自己的對象，當然也會隨便喜歡其他年輕女生啊,0,"[('女生', '年輕')]",Youtube
5628,現在大部份的女生，如果要在一起，無法比單身生活好的話，寧可不要在一起及結婚的。,0,"[('女生', '結婚')]",Youtube
5893,你去聯誼，收入未達標女生馬上用一種看垃圾的歧視眼神來看你，女生自己也不美收入也不高，只有年輕，真的不用去聯誼了，浪費時間，單純的真愛早在學生時代就被搶光了，出社會想靠聯誼結婚生子，圖的都是利益交換,0,"[('女生', '結婚'), ('女生', '美'), ('女生', '年輕')]",Youtube
5949,台灣現在的女孩子有點強勢，獨立自主也不是不好，但家庭不是兩人的事嗎？愛情和麵包，女孩子選的是後者，如何選擇是各人，沒有愛情或少一點愛多一點金的婚姻真的好嗎？,0,"[('女孩', '麵包'), ('女孩', '強勢'), ('女孩', '家庭'), ('女孩', '婚姻')]",Youtube
5974,超多只想吃軟飯，只想找有錢人的女性。,0,"[('女性', '物質')]",Youtube
6020,月薪6～8萬超多了好嗎！現在一堆人都不到3萬！那些眼高手低的女人，最後一定人老珠黃沒人要的，那時在來後悔吧！,1,"[('女人', '老')]",Youtube
6115,女人不用買房，想怎麼花隨便花都行，最後再找個人回收就好,1,"[('女人', '情感/感情')]",Youtube
6176,聽多了說要以結婚為前提交往，但不代表真的會走到婚姻，也不代表彼此適合進入婚姻，尤其適婚的女性朋友，請小心,0,"[('女性', '結婚'), ('女性', '婚姻'), ('女性', '適婚')]",Youtube
6342,女生恨不得結婚,0,"[('女生', '結婚')]",Youtube
6351,錢不多的，女生不想婚！錢多的，女生自己會貼上去！,0,"[('女生', '物質')]",Youtube
6527,那些很想結婚的女生，可能現在生活、工作、家境、收入都不如意，所以幻想著跟對方結婚之後的利益吧,0,"[('女生', '結婚')]",Youtube
6538,這些適婚的女生在追劇還是空瑜到處拍網美照修圖幹嘛的，接著連我收入1/3的女生也好意思來挑我毛病，然後我就清醒了,0,"[('女生', '適婚')] ",Youtube
6540,那麼想結婚的女生通常是沒什麼工作或是事業的吧？,0,"[('女生', '結婚')]",Youtube
6809,女生有時比較細節，有時候家裏缺少了什麼都是女的在填置,0,"[('女生', '細節')]",Youtube
6879,只有漂亮的身體可以當女朋友，找老婆需要更多東西,0,"[('女朋友', '漂亮')]",Youtube
6921,最近也開始思考到底怎樣才可以成為一個準備好結婚的女生,0,"[('女生', '結婚')]",Youtube
7295,現在女人鬧離婚跟換工作一樣，結婚直接去登記就好了。,0,"[('女人', '結婚')]",Youtube
7317,可是女生的標準又很高我們怎麼好交的到還有結婚,0,"[('女生', '結婚')]",Youtube
7449,寧可跟錢結婚，也不願跟愛錢的女人結婚。,0,"[('女人', '結婚'), ('女人', '愛錢')]",Youtube
7519,現代婚姻毫無意義，現在90%以上的女人也不能當老婆,0,"[('女人', '婚姻')]",Youtube
8852,就只是溫柔對待而已，不要碎念沒什麼訣竅，說來簡單，但大部分女生都做不到,0,"[('女生', '溫柔')]",Youtube
9000,女生可以不要結婚呀，但如果要結，現在就是會把打理家裡的責任給女生，不能接受就別結了,0,"[('女生', '結婚')]",Youtube
9100,我沒有人強迫他去賺錢， 我很樂意自己一個人去扛， 讓他可以留在家中學當好一個女人的角色， 但他煮飯也煮好幾個小時，我每天回家也要餓幾小時才會有飯吃，到後來我乾脆在外面吃完，家務也不很會做,0,"[('女人', '家務')]",Youtube
9122,如果是我的話～喜歡...不麻煩的女人 ,0,"[('女人', '麻煩')]",Youtube
9123,女生有這些條件，可能也不想結婚或不需要結婚,0,"[('女生', '結婚')]",Youtube
9171,如果要女生分攤家計，那女生就不會想結婚，因為單身過生活的品質更高，會想要結婚的人，是心裡缺乏哪部分，需要另一半的支援，才會想結婚⋯,0,"[('女生', '結婚')]",Youtube
9185,有些不想結婚的女性變成深宮怨婦很可怕,1,"[('女性', '結婚')]",Youtube
9733,女生讀理工很厲害，但女生讀文組研究生實力更加堅強,0,"[('女生', '文組')]",Youtube
9956,女性過於強調自己的弱勢，放著各種不平等的既存事實想視若無睹,0,"[('女性', None)]",Youtube
10798,女人讀那麼高幹嘛？還不是結婚後在廚房煮飯，廁所打掃,0,"[('女人', '結婚')]",Youtube
11004,根本不用真的性騷或開黃腔等任何具體行為，也不需要證據，女性指控你的那刻起你就已經是罪犯,0,"[('女性', '騷擾')]",Youtube
11234,為何發生性騷擾的當下，女生們不尋求幫助或通報,0,"[('女生', '騷擾')]",Youtube
11599,女生有時候會過度敏感，然後捏造騷擾的真相,0,"[('女生', '騷擾'), ('女生', '敏感')]",Youtube
11617,大多數女生有夠可悲，不過就是被人摸就能說是性騷擾,1,"[('女生', '騷擾')]",Youtube
12568,女生真的有在擔心晚上出門嗎？多得是夜生活比我還美麗的,0,"[('女生', '情感/感情')]",Youtube
13678,平等健康是誰說了算？你嗎你算老幾啊，對女生有利就是平等健康，對女生不利就是奴役,1,"[('女生', None)]",Youtube
15345,我是覺得小碎花洋裝比較適合長得可愛的女生來穿，才不會太顯老,0,"[('女生', '老'), ('女生', '碎花')]",Youtube
15544,女生的碎花洋裝最好看,0,"[('女生', '碎花')]",Youtube
15566,穿碎花風的女生超美，尤其帶一點骨感！,0,"[('女生', '美'), ('女生', '碎花'), ('女生', '骨感')]",Youtube
16562,老是看到有人罵台女愛挑,0,"[('台女', '台女')]",Youtube
18948,女性只要不要胖或老，我都可以接受,0,"[('女性', '胖'), ('女性', '老')]",Youtube
18995,看完覺得女生好難搞,1,"[('女生', '難搞')]",Youtube
19012,不是所有的女生都難搞，但是有八成的女生都這樣,1,"[('女生', '難搞')]",Youtube
19053,太可怕了，女生太難搞了,1,"[('女生', '難搞')]",Youtube
19066,女生真的好麻煩，自己身為女生，目前還莫名奇妙有個女同事對我生悶氣,1,"[('女生', '麻煩')]",Youtube
19089,同感，女生真的好難搞…,1,"[('女生', '難搞')]",Youtube
19094,為什麼女生會這麼難搞？明明直接說出來不是才能解決問題嗎,1,"[('女生', '難搞')]",Youtube
19141,不是全部女生難搞，是大部分女生思維邏輯都很矛盾。,1,"[('女生', '難搞')]",Youtube
19395,是說爲何難搞的女生都交的到另一半,1,"[('女生', '難搞')]",Youtube
19410,女生雖然很難搞，但還好不是大問題，找出癥結點，就氣消了,0,"[('女生', '難搞')]",Youtube
19615,當了三十年的女生，現在才發現原來我可能不是女生 ，原來女生那麼難搞,1,"[('女生', '難搞')]",Youtube
19680,其實我比較會生悶氣，比女生還難搞的那種，所以我女友都是比較理性的那一方,1,"[('女生', '難搞')]",Youtube
19804,女生難搞才是女生,1,"[('女生', '難搞')]",Youtube
19833,每個女生都很很難搞，能輕鬆了解那就不是女生了,1,"[('女生', '難搞')]",Youtube
19864,一堆女生自以為不難搞,1,"[('女生', '難搞')]",Youtube
20000,女生本來就是難伺候的生物啊，超級難搞，天生的基因沒辦法，很正的正妹就算了，難看的還是算了吧...,1,"[('女生', '正'), ('女生', '難搞')]",Youtube
20006,女人那麼難搞，電視節目都說給你聽了，要交女友乾脆去叫外送茶，還比較便宜,1,"[('女人', '難搞')]",Youtube
20055,女生好難搞，台女你懂的,1,"[('女生', '難搞')]",Youtube
20056,女生怎麼這麼麻煩,1,"[('女生', '麻煩')]",Youtube
20064,女生就是難搞，真的沒有什麼好說的,1,"[('女生', '難搞')]",Youtube
20067,女人就是個麻煩的東西 ️,1,"[('女人', '麻煩')]",Youtube
20093,女人就是麻煩的生物,1,"[('女人', '麻煩')]",Youtube
21321,女人老了就沒本錢,1,"[('女人', '老')]",Youtube
21368,女人就是愛錢,0,"[('女人', '愛錢')]",Youtube
21424,女人嘴巴很厲害，賺錢能力卻很差,1,"[('女人', '能力')]",Youtube
21442,老女人找愛情的困難度絕對是困難,1,"[('女人', '老')]",Youtube
21877,一堆老女人欺騙自己是富婆,1,"[('女人', '老')]",Youtube
22259,其實上天造萬物的規律都有其限制，社會太鼓吹做自己，卻忽略女生到三十歲結婚，有孩子都快34或35，那時的孩子跟生理生育條件其實都不是最佳的狀態了，對寶寶不是那麼安全。,0,"[('女生', '結婚'), ('女生', '孩子')]",Youtube
22315,女生超過35就真的大齡了，之後想找，第一要有錢，第二要夠漂亮，最好有點凍齡，沒有這兩點，35之後就不用考慮結婚了,0,"[('女生', '結婚'), ('女生', '漂亮'), ('女生', '大齡'), ('女生', '凍齡')]",Youtube
22461,現在女生都在挑高富帥... 有車有房BMI正常，愛運動不菸不酒孝順，每年可以帶他出國平常約會吃大餐,0,"[('女生', '物質')]",Youtube
22703,普偏的晚婚或不婚，其實問題多如牛毛、其中有一個問題從來沒人發現，那就是多數的女生都跟豬沒兩樣，幾乎買不到內褲穿、請問要如何結婚呢？,1,"[('女生', '結婚')]",Youtube
22892,女生沒結婚是不能入祖墳的,0,"[('女生', '結婚')]",Youtube
22899,女生會單身只有兩種情況，自己想單身，或是醜到會吐 ，不然女生想有對象都很容易!,1,"[('女生', '醜')]",Youtube
22940,好了啦老女人找不到人結婚就是這麼簡單，講一堆,1,"[('女人', '老'), ('女人', '結婚')]",Youtube
23217,當女人根本沒待遇，美女才有,0,"[('女人', '美')]",Youtube
23218,普女醜女根本沒人鳥,1,"[('普女', '醜')]",Youtube
23221,你是年輕女當然有人幫，換成老女人就沒有了,0,"[('女人', '老'), ('女人', '年輕')]",Youtube
23492,女生的優待都是在是正妹的情況下,0,"[('女生', '正')]",Youtube
23590,女生長得好看才有得享受啊，長得一般的基本上都沒有什麼好處，醜一點的就更沒有好處,0,"[('女生', '醜')]",Youtube
23678,醜女不會被當成女人,1,"[('女人', '醜')]",Youtube
23810,當女生也要長得美才有那些好處吧,0,"[('女生', '美')]",Youtube
24009,女生是長得美才有福利,0,"[('女生', '美')]",Youtube
24047,只有超級漂亮的女生才有那些待遇啦,0,"[('女生', '漂亮')]",Youtube
24272,其實說那麼多受到待遇的也只有漂亮女生而已，普普的或醜的根本就不會受到任何好處,0,"[('女生', '醜'), ('女生', '漂亮')]",Youtube
24304,只想是個女生就好就太天真了，長得不漂亮根本不會有人鳥你,0,"[('女生', '漂亮')]",Youtube
25804,女人真的很愛保養,0,"[('女人', '保養')]",Youtube
26022,女生出門前一定會先舖粉餅，再來畫眼線，然後再噴止汗的，好了以後還要再化妝，把自己畫的跟鬼一樣,1,"[('女生', '化妝')]",Youtube
26200,現在的女生就是這麼麻煩,1,"[('女生', '麻煩')]",Youtube
26207,女人就是麻煩 ,1,"[('女人', '麻煩')]",Youtube
26672,醜女說太多話，只會被說台女,0,"[('台女', '醜'), ('台女', '台女')]",Youtube
26833,女生只要正，有奶就夠了,0,"[('女生', '正'), ('女生', '奶')]",Youtube
28177,女生都很乾淨,0,"[('女生', '乾淨')]",Youtube
28542,女生容易被新出的甜點或化妝品吸引,0,"[('女生', '化妝'), ('女孩', '甜點')]",Youtube
28666,沒有女生愛洗頭的,0,"[('女生', '洗頭')]",Youtube
28903,結論就是女人好麻煩,1,"[('女人', '麻煩')]",Youtube
28906,女生的名字叫麻煩,1,"[('女生', '麻煩')]",Youtube
28995,女生對胖這個字很敏感  ,0,"[('女生', '胖')]",Youtube
30024,要讓女生砰然心動的前提大部分還是看顏值，帥的就心動，醜的當工具人,0,"[('女生', '工具人')]",Youtube
31030,女生就是很難搞的生物,1,"[('女生', '難搞')]",Youtube
31716,為什麼女生那麼愛聽甜言蜜語,0,"[('女生', '甜言蜜語')]",Youtube
31840,女生要懂得保護自己，設立界線，不然事後受傷的是自己,0,"[('女生', '保護自己')]",Youtube
32529,女生是心的視野太窄，才會太多小劇場，女生需要多多見更多世面，比較不會胡思亂想。,0,"[('女生', '小劇場'), ('女生', '胡思亂想')]",Youtube
32679,一看...就知道是個老處女了,1,"[('處女', '老')]",Youtube
33508,女人才不會去在乎當小三小四，只要你錢能餵飽就行，前陣子還有個女星交個富商，還公開說他讓我相信世界真的有真愛，錢花下去就是真愛了是吧，窮人沒真愛是吧,0,"[('女人', '物質')]",Youtube
34088,好好說話有這麼難嗎？非得拐彎抹角嗎？ 女人真難懂！,0,"[('女人', '難懂')]",Youtube
34919,每個女生都應該要溫柔體貼,0,"[('女生', '溫柔'), ('女生', '體貼')]",Youtube
36107,單身哪裡不好了，女人很麻煩的,1,"[('女人', '麻煩')]",Youtube
36320,女生就是應該要留長髮，美美的，女生就要有女生的樣子,0,"[('女生', '長髮')]",Youtube
36468,幾何、物理之類的女生比較不行,0,"[('女生', '學術領域')]",Youtube
36681,女生不能罵髒話,0,"[('女生', None)]",Youtube
29984,女生會說我把你當工具人，但是那是你自己願意付出，你也覺得很快樂，都是你自己做出的選擇,0,"[('女生', '工具人')]",PTT
64199,因為三次元的女人更難搞,1,"[('女人', '難搞')]",PTT
85727,當家庭主婦很多沒得選社會壓力，女性還是應該在家帶小孩,0,"[('女性', '家庭主婦', ('女性', '小孩'))]",PTT
154494,唉台女真難搞,1,"[('台女', '難搞'), ('台女', '台女')]",PTT
245391,正妹同事都公主難搞的要命,1,"[('正妹', '難搞')]",PTT
404351,首先你要當工具人，學習如何被台女壓榨,1,"[('台女', '工具人'), ('台女', '台女')]",PTT
487569,台女真的是白痴,1,"[('台女', '白痴'), ('台女', '台女')]",PTT
681813,台女世界第一難搞,1,"[('台女', '難搞'), ('台女', '台女')]",PTT
780816,等你讓台女聽到你薪水領兩萬多，看到勢利眼台女翻白眼的時候你就知道有沒有差了 ,1,"[('台女', '勢利'), ('台女', '台女')]",PTT
811364,我會組電腦可是沒女生找我當工具人怎麼辦？,0,"[('女生', '工具人')]",PTT
1069275,正妹都有工具人幫他加油啊,0,"[('正妹', '工具人')]",PTT
1255102,沒有不好看呀，正妹很難搞,1,"[('正妹', '難搞')]",PTT
1266905,是正妹找工具人，是肥宅去當肥羊,1,"[('正妹', '工具人')]",PTT
1357961,把別人當療傷工具人，跟正妹有87趴像,1,"[('正妹', '工具人')]",PTT
1420523,就台女把工具人當備胎，但沒事不會去惡搞自己工具人,0,"[('台女', '工具人'), ('台女', '台女')]",PTT
2847883,女生就是賤，只是把你當工具人而已,1,"[('女生', '工具人')]",PTT
3167474,跟台女一樣吃膩花膩了，再回頭找工具人,1,"[('台女', '工具人'), ('台女', '台女')]",PTT
3458688,女生用追的只會變成工具人唷,0,"[('女生', '工具人')]",PTT
5225562,肥宅工具人專幫女生煮飯打掃修東西,1,"[('女生', '工具人')]",PTT
5318965,女人啊，真難搞,1,"[('女人', '難搞')]",PTT
5318976,笑死 ，女人超難搞,1,"[('女人', '難搞')]",PTT
6766597,女生極度難搞,1,"[('女生', '難搞')]",PTT
6766817,感覺女生喜歡猛烈追求的工具人型，好難搞還是算了吧,1,"[('女生', '工具人'), ('女生', '難搞')]",PTT
6819970,不要就是要，停就是不要停 女人很難搞的啦,1,"[('女人', '難搞')]",PTT
6819986,誠實也不行，這就是女人難搞的原因,1,"[('女人', '難搞')]",PTT
7319753,世界是很殘酷的，台女是很現實勢利的生物看到更好的馬上就跑,1,"[('台女', '現實'), ('台女', '勢利'), ('台女', '台女')]",PTT
7925639,台女養好幾個工具人沒問題，真棒,0,"[('台女', '工具人'), ('台女', '台女')]",PTT
8041275,台女找工具人出錢含機車接送,0,"[('台女', '工具人'), ('台女', '台女')]",PTT
8051056,台女要求工具人付錢的習慣永世流傳,0,"[('台女', '工具人'), ('台女', '台女')]",PTT
9072109,這好像被正妹使喚的工具人,0,"[('正妹', '工具人')]",PTT
9593273,台女上大學後都很勢利的,1,"[('台女', '勢利'), ('台女', '台女')]",PTT
9976089,關心不介入，標準台女對工具人,0,"[('台女', '工具人'), ('台女', '台女')]",PTT
10411508,真是台女典範，總是可以找到工具人,0,"[('台女', '工具人'), ('台女', '台女')]",PTT
10567777,台女學學好嗎，一直找工具人,0,"[('台女', '工具人'), ('台女', '台女')]",PTT
10673679,女生都是虛偽的，想要高富帥又不想被覺得庸俗勢利,1,"[('女生', '勢利')]",PTT
10987351,台女還真難搞，這又是一個經典案例,1,"[('台女', '難搞'), ('台女', '台女')]",PTT
11332462,台女能有那麼多工具人不就是靠臉嗎,0,"[('台女', '工具人'), ('台女', '台女')]",PTT
11381196,馬的 老台女很難搞的,1,"[('台女', '難搞'), ('台女', '老'), ('台女', '台女')]",PTT
11516151,女人出來工作一堆毛，乖乖當家庭主婦就好,1,"[('女人', '家庭主婦')]",PTT
11524657,乾你屁事？台女真難搞，太癡情還會扣分,1,"[('台女', '難搞'), ('台女', '台女')]",PTT
11868275,女生出門穿著太暴露長太漂亮，肯定是想色誘警察，意圖顛覆國家，擾亂法治，一律帶走好好偵訊。,1,"[('女生', '暴露')]",PTT
11951147,女性通常都有兩、三隻以上的工具人，這你都不知道,0,"[('女性', '工具人')]",PTT
12025479,全球最強工具人，台女才是關鍵,0,"[('台女', '工具人'), ('台女', '台女')]",PTT
12086881,大部分台女根本只想找工具人,0,"[('台女', '工具人'), ('台女', '台女')]",PTT
12143805,台女只是缺工具人司機,0,"[('台女', '工具人'), ('台女', '台女')]",PTT
12782559,女生只會把你當工具人,0,"[('女生', '工具人')]",PTT
13033090,你要改掉不經腦子說實話的習慣 女生就是這麼難搞,1,"[('女生', '難搞')]",PTT
13334446,假新聞 ，怎可能如此勢利？這台女吧,1,"[('台女', '勢利'), ('台女', '台女')]",PTT
14658020,因為台女比慣老闆更難搞,1,"[('台女', '難搞'), ('台女', '台女')]",PTT
14779055,沒有工具人，別說你是台女,0,"[('台女', '工具人'), ('台女', '台女')]",PTT
16560772,台女典範，工具人用完就丟很合理,0,"[('台女', '工具人'), ('台女', '台女')]",PTT
16703749,女人真的很難搞 ,1,"[('女人', '難搞')]",PTT
20180466,現在知道女人難搞了吧,1,"[('女人', '難搞')]",PTT
20818994,老台女又是公務體系的，大家都知道很難搞啦,1,"[('台女', '難搞'), ('台女', '老'), ('台女', '台女')]",PTT
21019963,現在台女很難搞,1,"[('台女', '難搞'), ('台女', '台女')]",PTT
21474771,擁有一整套工具人才是女人的浪漫,0,"[('女人', '工具人')]",PTT
22183206,一堆台女都這樣，還不是照樣有工具人幫忙,0,"[('台女', '工具人'), ('台女', '台女')]",PTT
22227075,女生就是這麼難搞,1,"[('女生', '難搞')]",PTT
22467190,說的真好，不只難搞根本就像女人玻璃心的感覺,1,"[('女人', '難搞'), ('女人', '玻璃心')]",PTT
22908459,被強暴的女生都是衣著暴露引人犯罪,0,"[('女生', '暴露')]",PTT
23372337,太多的女生很難搞，到最後只會弄得灰頭土臉他什麼都不告訴你，看著你犯錯，最後再說你莫名其妙,1,"[('女生', '難搞')]",PTT
25268359,女森為何從小就喜歡培養工具人,0,"[('女森', '工具人')]",PTT
25676646,女生就難搞阿，一兩句話就生氣,1,"[('女生', '難搞')]",PTT
26002578,牙助快追上空服員成為正妹代名詞了,0,"[('正妹', '牙助'), ('正妹', '空服員')]",PTT
26033202,台女真的很難搞欸，這樣也不行那樣也不行,1,"[('台女', '難搞'), ('台女', '台女')]",PTT
26033937,白痴台女,1,"[('台女', '白痴'), ('台女', '台女')]",PTT
26384169,考上老師前都說行政ok，考上後說自己有生涯規劃，女老師不意外，女老師跟女空服員一樣，只挑自己爽的吃，可悲台女,1,"[('台女', '空服員'), ('台女', '台女')]",PTT
27946075,最討厭這種愛養工具人的女生,0,"[('女生', '工具人')]",PTT
28198108,正妹都收集工具人好嗎,0,"[('正妹', '工具人')]",PTT
28542671,難搞的女人,1,"[('女人', '難搞')]",PTT
28688760,女人跟女人在一起，就是難搞又毛一堆,1,"[('女人', '難搞')]",PTT
29681202,女生都這樣啊，敏感自卑多心難搞,1,"[('女生', '敏感'), ('女生', '難搞')]",PTT
29794425,東區一堆自以為是的勢利女生,1,"[('女生', '勢利')]",PTT
29838289,英國人本來就一堆垃圾，只有白痴台女在說英國紳士,1,"[('台女', '白痴'), ('台女', '台女')]",PTT
32394687,要找到聊的來的，才能有話題 ，有些女生真的難搞,1,"[('女生', '難搞')]",PTT
32438786,女人阿我知道了，家庭主婦,0,"[('女人', '家庭主婦')]",PTT
34446577,女人會賺錢就是難搞,1,"[('女人', '難搞')]",PTT
35106695,白痴女人,1,"[('女人', '白痴')]",PTT
35327504,女生肌肉太過發達，反而不性感,0,"[('女生', '性感')]",PTT
35968887,腰臀的比例才是女人性感的依據,0,"[('女人', '性感'), ('女生', '腰臀的比例')]",PTT
11438843,老女人吧,1,"[('女人', '老')]",PTT
20792265,是不是老女人? 裝年輕,1,"[('女人', '老'), ('女人', '年輕')]",PTT
13843419,去找媽媽學化妝啦！,0,"[('媽媽', '化妝')]",PTT
14551083,媽媽我想學化妝,0,"[('媽媽', '化妝')]",PTT
30142555,就說了，女人通常貪婪又自私。長得正，沒有那個內在也是沒用。不然，媽媽怎麼會跟你說，漂亮的女生最會騙人,1,"[('女人', '正'), ('女生', '漂亮')]",PTT
3121,要偏褒義的字應該是女性化或有女人味之類的吧womanly或是陰柔氣質,0,"[('女人', '陰柔')]",PTT
8194778,阿海本來就有點女性化，有點陰柔的特質,0,"[('女性', '陰柔')]",PTT
33032920,老處女，臭鮑魚,1,"[('處女', '老')]",PTT
11304961,嚴格來說，老婆不是處女都是回收，只是第幾手而已,1,"[('處女', '老')]",PTT
5048884,他姑姑就是那種嫁不出去又想當婆婆的刻薄老處女啊,1,"[('處女', '老')]",PTT
938302,老台女會想辦，年輕女孩大都怕麻煩,1,"[('台女', '老'), ('女孩', '麻煩'), ('女孩', '年輕'), ('台女', '台女')]",PTT
34854101,幹你媽的我娶台女，小孩兩個，後悔的要死。下屬的越南老婆顧家勤勞年輕聽話又正，我家裡那隻母豬比我阿嬤還偉大,1,"[('老婆', '正'), ('老婆', '年輕'), ('老婆', '顧家')]",PTT
32162858,老台女有人幹應該要偷笑,1,"[('台女', '老'), ('台女', '台女')]",PTT
20721573,國中小女老師基本上就台女極致，智障到不行,1,"[('台女', '台女')]",PTT
27090525,人家有錢有正妹老婆，多的是人羨慕他,0,"[('老婆', '正'), ('正妹', '老')]",PTT
33450759,少女小護士,0,"[('少女', '護士')]",PTT
12149200,正，可惜沒奶又不是處女,0,"[('處女', '正'), ('處女', '奶')]",PTT
30390354,韓國現在有點溫暖了，溫度就是幾度到10多度而已，帶幾件長短袖即可，服裝就是正式服裝怕冷的帶個圍巾，盥洗用具要自備韓幣貶值，女孩子要購物的可以多帶點錢，有機會就可買,0,"[('女孩', '購物')]",PTT
9481513,噁心台女正常發揮,1,"[('台女', '台女')]",PTT
15352310,台女不爽不要做，反正還不是都在賣淫,1,"[('台女', '台女')]",PTT
11617625,如果是台女的話很正常的,1,"[('台女', '台女')]",PTT
25851956,你朋友娶無腦正妹嗎,1,"[('正妹', '無腦')]",PTT
21743884,無腦正妹交往可以，當老婆你是希望兒子多笨,1,"[('正妹', '無腦')]",PTT
12273580,只有魯蛇才沒有工具人吧，正常女生都要有幾個,1,"[('女生', '工具人')]",PTT
22962404,今年的沙灘節比去年還沒梗，去年好歹有沙灘美少女,0,"[('少女', '美')]",PTT
17055085,把喜歡的女生養胖，她就沒人要追，你就得手了,0,"[('女生', '胖')]",PTT
19944383,女生沒化妝別出來嚇人,1,"[('女生', '化妝')]",PTT
30540891,女生要好好學化妝和頭髮唷,0,"[('女生', '化妝')]",PTT
7327818,女森：後照鏡不是化妝在用的嗎？,0,"[('女森', '化妝')]",PTT
1199136,我要錢買包，我要錢買化妝品，人家女森欸,0,"[('女森', '化妝')]",PTT
25034002,女森哪有不化妝的啦，雖然我覺得她上次化妝技巧很拙劣不過還好她的本質是漂亮的，還算有救,0,"[('女森', '漂亮'), ('女森', '化妝')]",PTT
31066574,女森都這樣，問有沒有腹肌手就直接伸過來摸,0,"[('女森', None)]",PTT
21988889,肥宅不要騷擾女森,1,"[('女森', '騷擾')]",PTT
9844297,女森不想已讀你們這些騷擾肥宅啊,1,"[('女森', '騷擾')]",PTT
33885614,被騷擾女森會爆氣嗎，還是只會委婉拒絕,0,"[('女森', '委婉'), ('女森', '騷擾')]",PTT
7811971,婚前看對方房間跟生活環境的整齊清潔程度還蠻是有一定的參考價值，但是女人雖然比較愛乾淨，可是結婚後或是當媽媽後還是能改變長年的生活習慣,0,"[('女人', '結婚'), ('女人', '乾淨')]",PTT
21640197,這台定位就買菜車啊，醜又如何，婆婆媽媽才不管醜不醜，價錢才是重點,0,"[('媽媽', None)]",PTT
13398272,就跟從小到大的青梅竹馬，結婚那晚才知道她不是處女一樣,0,"[('處女', '結婚')]",PTT
686337,只有母老虎，沒有女孩,0,"[('女孩', None)]",PTT
15557759,人家女森欸，很正常,0,"[('女森', None)]",PTT
25188266,我是醜台女，對不起,0,"[('台女', '醜'), ('台女', '台女')]",PTT
5647379,看到推文沒，醜台女低薪還敢要你薪水，真噁心 叫他吃屎吧,1,"[('台女', '醜'), ('台女', '台女')]",PTT
9341055,台女才看不上醜宅呢,1,"[('台女', '台女')]",PTT
12460528,這是17歲少女？比我60歲的媽媽看起來還老,1,"[('少女', '老')]",PTT
11542096,你知道本體是15歲正妹還不暈？,0,"[('正妹', '正')]",PTT
11332471,台女腿很美,0,"[('台女', '美'), ('台女', '腿'), ('台女', '台女')]",PTT
21178787,美國人來台灣會被台女強姦,1,"[('台女', '台女')]",PTT
1052007,老兵我們台女看不上，台女要美軍駐阿富汗上將,0,"[('台女', '台女')]",PTT
10964652,台女帶回浪漫的歐美病毒消滅肥宅,1,"[('台女', '台女')]",PTT
32037191,這姐姐有夠騷的，這類型畫風好像在哪裡看過想不起來？,1,"[('姐姐', '騷')]",PTT
17513665,一句話物化女性，拜金無腦虛榮 ,1,"[('女性', '無腦'), ('女性', '拜金'), ('女性', '虛榮')]",PTT
18361691,國民妹妹騷得很,1,"[('妹妹', '騷')]",PTT
21169882,越來越有騷味，不再是鄰家妹妹了,1,"[('妹妹', '騷')]",PTT
20193165,台女的目標是結婚以後不生小孩不工作，幹嘛還要薪水,0,"[('台女', '結婚'), ('台女', '台女')]",PTT
776229,噁心台女，結婚有錢了再去偷吃,1,"[('台女', '結婚'), ('台女', '台女')]",PTT
30023346,死台女還有人要跟你結婚哦,1,"[('台女', '結婚'), ('台女', '台女')]",PTT
10794513,媽媽有夠騷 ,1,"[('媽媽', '騷')]",PTT
2555631,很多的女生都不知道她自己長得醜，需要別人提醒,1,"[('女生', '醜')]",PTT
103724,那邊一堆無腦學店仔和女森，更容易被帶風向,1,"[('女森', '無腦')]",PTT
7808044,騎士團最噁心，講一堆違心論甚至是無腦護航的話以為女森會另眼相看或有好感，殊不知女森只把你當好用還不髒手的工具人打手，有夠可悲,1,"[('女森', '工具人')]",PTT
112314,你老婆很騷,1,"[('老婆', '騷')]",PTT
22365549,瘦臉藏肚子，有網美天份,0,"[('網美', '瘦')]",PTT
22512665,很多網美都是這樣，臉看起來瘦，身體其實很肉,0,"[('網美', '瘦')]",PTT
6503546,如果你是文組的話應該會遇到很多女性講過這些,0,"[('女性', '文組')]",PTT
7448801,她是不是文組加年輕女性，為了朋友跟情人吵架很多都這組合不正的話別浪費時間換個正常的,1,"[('女性', '文組'), ('女性', '年輕')]",PTT
12294858,你文組？那是看女性地位而決定,0,"[('女性', '文組')]",PTT
31198356,但是後段國立文組非外文根本沒用，除非你是女性,0,"[('女性', '文組')]",PTT
7675132,在越體會社會的殘酷跟龐大的壓力，越來越希望有個溫柔的姐姐可以讓人在難過到不行時可以撒嬌一下,0,"[('姐姐', '溫柔')]",PTT
211891,想被有錢又溫柔的姐姐摸頭,0,"[('姐姐', '溫柔')]",PTT
11094023,太有主見又漂亮的女生，你handle不了,0,"[('女生', '漂亮')]",PTT
17289554,只有漂亮的女生+1，普妹不會加分,0,"[('女生', '漂亮')]",PTT
18009612,因為有在走路運動啊，哪像胖台女不是騎車就是坐車還狂喝珍奶，肚子比胸部大根本可笑,1,"[('台女', '胸部'), ('台女', '胖'), ('台女', '台女')]",PTT
29367401,胖醜一樣有人愛，台女真正沒人要原因，個性太機掰，愈老愈機掰,1,"[('台女', '老'), ('台女', '台女')]",PTT
18312467,台女有大奶，但大多是胖子,1,"[('台女', '奶'), ('台女', '胖'), ('台女', '台女')]",PTT
12990639,千萬要把握這個溫柔的女孩不要放手,0,"[('女孩', '溫柔')]",PTT
21062332,你要成為溫柔善良的人，成為女孩子喜歡的那種人,0,"[('女孩', '情感/感情')]",PTT
22144294,醜女當主角，到時候就是會被說醜化女性喔 ,0,"[('女性', '醜')]",PTT
16015785,很瘦了還要減啊，不過女生有健身的體態跟線條真的有差,0,"[('女生', '瘦')]",PTT
33956763,我喝醉的話應該會幹，然後要看女人漂亮與否來決定,1,"[('女人', '漂亮')]",PTT
29113328,漂亮的女人不可信，越漂亮的女人越不可信,0,"[('女人', '漂亮')]",PTT
29070147,越漂亮的女人越會騙人,0,"[('女人', '漂亮')]",PTT
32037188,這姊姊超騷的，被騷擾沒很意外,1,"[('姊姊', '騷'), ('姊姊', '騷擾')]",PTT
7770869,小姊姊怎麼這麼騷,1,"[('姊姊', '騷')]",PTT
202440,不化妝就很普，畫了我都叫姐姐,0,"[('姐姐', '化妝')]",PTT
30253977,女森不能太高，不能太老,0,"[('女森', '老')]",PTT
22168221,外遇比自己老婆醜的....真難理解...,1,"[('老婆', '醜')]",PTT
15923615,全世界都一樣，只要女性受教水準提高生育率就會降低。,0,"[('女性', '生育')]",PTT
3689907,學妹已結婚，讓我這個大快10屆的學姐好是慚愧啊,0,"[('學姐', '結婚'), ('學妹', '結婚')]",PTT
9281303,沒看過台女在夜店哈洋屌的騷樣喔,1,"[('台女', '騷'), ('台女', '台女')]",PTT
29088660,也好啊，不然會被母豬台女告你性騷擾,1,"[('台女', '騷擾'), ('台女', '台女')]",PTT
33958153,台女可能會故意這樣穿，然後再告人性騷擾，幹,1,"[('台女', '騷擾'), ('台女', '台女')]",PTT
11004488,護理師和看護都是女生較多的職業的關係,0,"[('女生', '護理師'), ('女生', '看護')]",PTT
260027,女生又不是護士，是護理師,0,"[('女生', '護理師')]",PTT
1456795,女生護理師考配電僱更是大推,0,"[('女生', '護理師')]",PTT
30301157,公關組全部都是正妹穿護士服啊,0,"[('正妹', '護士')]",PTT
260046,我只想被正妹女護士裝導管,0,"[('正妹', '護士')]",PTT
12501101,妳找個正妹護士穿爆乳裝不會？,0,"[('正妹', '護士'), ('正妹', '爆乳')]",PTT
10563648,結婚？ 一輩子只能幹同個女人到老...,1,"[('女人', '結婚')]",PTT
21006623,很多宅女啊，只是不夠正，比如我,0,"[('宅女', '正')]",PTT
12850775,媽媽去工作，1.5歲的孩子要怎麼辦？托嬰？都說中南部薪水低了。薪資扣掉保母費，還剩下多少？,0,"[('媽媽', '孩子')]",PTT
7810746,玩玩就好，女森麻煩,1,"[('女森', '麻煩')]",PTT
25058777,最好別亂騷擾學妹，小心她#metoo,0,"[('學妹', '騷擾')]",PTT
28988982,很騷的學妹,1,"[('學妹', '騷')]",PTT
21675896,做指甲看起來不乾淨又不好看，怎麼那麼多女生愛做,0,"[('女生', '做指甲')]",PTT
14904031,因為女生可愛貼心愛乾淨,0,"[('女生', '乾淨')]",PTT
29539067,女人這種東西，沒有了溫柔體貼，就只是華西街,1,"[('女人', '溫柔'), ('女人', '體貼')]",PTT
28037506,管她什麼原因，女人失去溫柔特性還配叫作女人嗎？,1,"[('女人', '溫柔')]",PTT
35100502,比我大還這麼不體貼女人，抓去填海吧,1,"[('女人', '體貼')]",PTT
10731287,只吃處女不代表只要是處女就吃，醜女可能也不吃吧,1,"[('處女', '醜')]",PTT
33054292,要求白富美聽話的處女,1,"[('處女', '美')]",PTT
18551808,問題是模特兒就是世間女性憧憬的對象，明顯現在胖不是主流，所以不被市場需要，這很難懂嗎？,1,"[('女性', '胖')]",PTT
28886381,拜託妳又不胖，好啦好啦，是說女性永遠都在減肥,0,"[('女性', '胖')]",PTT
9136861,無腦學姐滾,1,"[('學姐', '無腦')]",PTT
18076335,老婆真的正而且保養的好,0,"[('老婆', '正'), ('老婆', '保養')]",PTT
10186774,要會摸頭的溫柔姊姊,0,"[('姊姊', '溫柔')]",PTT
3361776,體貼的姊姊給個推!,0,"[('姊姊', '體貼')]",PTT
29345467,會去打工換宿的女森就是去幹炮的啊，沒被幹到一定是長得太醜,1,"[('女森', '醜')]",PTT
20674981,講白一點就是女生自己要把肉體保養好，剩下就是靠另一半就好,0,"[('女生', '保養')]",PTT
7982989,女生逛街真的不曉得哪來的超人體力,0,"[('女', '逛街')]",PTT
11904459,女生還是要好好保養自己的肌膚～,0,"[('女生', '保養')]",PTT
15284947,好麻煩的女人啊,1,"[('女人', '麻煩')]",PTT
33536701,當然是真的仇，女人那麼麻煩,1,"[('女人', '麻煩')]",PTT
17280119,台女大部分扁奶，超黑，又愛不化妝上街嚇人，有公主病,1,"[('台女', '奶'), ('台女', '化妝'), ('台女', '台女')]",PTT
25855051,學化妝保養啊，台女成功方程式,0,"[('台女', '保養'), ('台女', '化妝'), ('台女', '台女')]",PTT
9733129,台女整型靠化妝的一堆啊,0,"[('台女', '化妝'), ('台女', '台女')]",PTT
18623566,文組學店女森,1,"[('女森', '文組')]",PTT
8025388,勸改讀理工，文組是女森念的,0,"[('女森', '文組')]",PTT
9152972,平均顏質還是輸文組女森,0,"[('女森', '文組')]",PTT
1443765,而且純文組女森很多思想也讓人不敢恭維,0,"[('女森', '文組')]",PTT
9721555,媽媽說越漂亮的女人越不能信,0,"[('女人', '漂亮')]",PTT
34511174,越漂亮的女人越會說謊,0,"[('女人', '漂亮')]",PTT
9674586,一堆結婚的老阿姨在科科笑,1,"[('阿姨', '老')]",PTT
1079124,結婚之後都是阿姨,0,"[('阿姨', '結婚')]",PTT
14840813,台女都很信這些，跟白痴一樣,1,"[('台女', '白痴'), ('台女', '台女')]",PTT
30013772,這是婊子，就是標準的白痴台女,1,"[('台女', '白痴'), ('台女', '台女')]",PTT
12044004,一定一堆白痴台女去然後狂拍ig，瞎妹永遠都在,1,"[('台女', '白痴'), ('台女', '台女')]",PTT
22586867,各種白痴台女,1,"[('台女', '白痴'), ('台女', '台女')]",PTT
35024352,徵幼齒女生保母？,0,"[('女生', '保母')]",PTT
8038965,長的普通會化妝就是正妹了，除非你胖,0,"[('正妹', '化妝'), ('正妹', '胖')]",PTT
5121272,瘦瘦的年輕女生穿什麼都好看,0,"[('女生', '瘦'), ('女生', '年輕')]",PTT
6242976,正妹從來不缺體貼的朋友,0,"[('正妹', '正')]",PTT
35525977,女生只要長得不差，加體貼，絕對大大加分,0,"[('女生', '體貼')]",PTT
7534393,騙那些無腦台女被幹免錢，還沾沾自喜,1,"[('台女', '無腦'), ('台女', '台女')]",PTT
9481469,標準無腦台女,1,"[('台女', '無腦'), ('台女', '台女')]",PTT
12075667,唉，台女真無腦,1,"[('台女', '無腦'), ('台女', '台女')]",PTT
22613275,無腦台女不是對手,1,"[('台女', '無腦'), ('台女', '台女')]",PTT
26308978,早知當初就不該跟無腦台女罷工，後悔莫及了吧,1,"[('台女', '無腦'), ('台女', '台女')]",PTT
32928885,能夠有溫柔又不龍的台女我就足夠了,0,"[('台女', '溫柔'), ('台女', '台女')]",PTT
28910944,大部分台女都有公主病,1,"[('台女', '台女')]",PTT
11813606,台女只愛洋屌,1,"[('台女', '台女')]",PTT
23321230,所謂天下沒有醜女人，只有懶女人,1,"[('女人', '醜')]",PTT
25292918,一堆白癡台女吃到肥嘟嘟 ，然後說自己瘦不回去,1,"[('台女', '瘦'), ('台女', '台女')]",PTT
13116462,胖台女瘦下來再來嘴吧,1,"[('台女', '胖'), ('台女', '瘦'), ('台女', '台女')]",PTT
9680387,還是別碰女生較好，就不會一大堆麻煩,1,"[('女生', '麻煩')]",PTT
29095497,龍妹都能化妝成正妹了，不整理點儀容怪誰,1,"[('正妹', '化妝')]",PTT
718069,8名保母中有5名嚴重虐嬰，台女好恐怖,1,"[('台女', '保母'), ('台女', '台女')]",PTT
14839280,我是女生，我很溫柔屁股翹高,0,"[('女生', '溫柔')]",PTT
20643997,絕對不能找正妹護士當老婆,0,"[('老婆', '正'), ('正妹', '護士')]",PTT
18313245,這個其實是老肥宅女,1,"[('宅女', '老')]",PTT
19231167,白衣天使真的很辛苦，護士姐姐們加油,0,"[('姐姐', '護士')]",PTT
33749023,我都叫護士姐姐,0,"[('姐姐', '護士')]",PTT
33065491,我要護士姐姐幫我榨精,0,"[('姐姐', '護士')]",PTT
18199729,如果是正妹沒沖乾淨我會舔掉,0,"[('正妹', '正')]",PTT
6227037,正妹的房間不是都很香很乾淨又很粉紅嗎,0,"[('正妹', '乾淨'), ('正妹', '粉紅'), ('正妹', '正')]",PTT
11735656,正妹都是回收過的，要相對乾淨的也只有普以下了,1,"[('正妹', '正')]",PTT
2404112,去診所諮詢看看比較準，醫生跟護士小姐態度蠻重要的,0,"[('小姐','護士')]",PTT
33505735,希望上街的女人都要化妝,0,"[('女人', '化妝')]",PTT
12374825,女人出門要化妝擦保養,0,"[('女人', '保養'), ('女人', '化妝')]",PTT
34148857,正妹全部來當我秘書，只能穿黑絲加窄裙配白襯衫，不穿內衣的我會幫你加薪,1,"[('正妹', '秘書')]",PTT
11136956,大老闆要挑秘書 一定會挑正妹一樣，因為當祕書不需要太高的能力，隨便一個人都做得來，那只好挑長相了,0,"[('正妹', '秘書')]",PTT
33189055,我會想找正妹來做庶務、助理、秘書工作,0,"[('正妹', '秘書')]",PTT
34863931,文科本就不容易找工作，除非是正妹可以當主管秘書,0,"[('正妹', '文科'), ('正妹', '秘書')]",PTT
10695946,台女又調皮給人添麻煩了,0,"[('台女', '麻煩'), ('台女', '台女')]",PTT
33492070,難道我又捲進桃色糾紛了嗎？就說台女很麻煩了吧,1,"[('台女', '麻煩'), ('台女', '台女')]",PTT
10660750,台女就是麻煩精,1,"[('台女', '麻煩'), ('台女', '台女')]",PTT
940078,鄰家女孩也是無腦，認真就輸了,1,"[('女孩', '無腦')]",PTT
19438329,女人真的很難搞，長的瘦不行、太矮不行，太帥也不行,1,"[('女人', '難搞')]",PTT
28001564,臺女普遍聊天就是聊這些，普遍沒有文以載道的能力，老外見解無誤，不信可以對臺女問卷調查驗證,1,"[('臺女', '臺女')]",PTT
9271737,要無腦女生不支持垃圾女總統，真的不簡單,1,"[('女生', '無腦')]",PTT
8097139,學姊發騷了,1,"[('學姊', '騷')]",PTT
8117542,學姊好騷,0,"[('學姊', '騷')]",PTT
32973213,野蠻的外表下有一顆溫柔少女心,0,"[('少女', '溫柔')]",PTT
13631630,有像，好溫柔少女,0,"[('少女', '溫柔')]",PTT
1036372,我終於交到一個正妹牙助當朋友,0,"[('正妹', '牙助')]",PTT
22342393,北市裝潢氣派的都是正妹牙助地下室還有招待所,1,"[('正妹', '牙助')]",PTT
1208292,我覺得還有認為牙助櫃姐都是正妹,0,"[('正妹', '牙助')]",PTT
1048101,還是女森愛乾淨,0,"[('女森', '乾淨')]",PTT
15195362,穿的簡單乾淨就好，但最好走文青路線，不要運動風因為台灣大部分女森都很宅不運動,0,"[('女森', '興趣愛好')]",PTT
30358200,各位朋友請息怒，說不定是他想交女性朋友聊聊化妝、保養,0,"[('女性', '保養'), ('女性', '化妝')]",PTT
1048217,單身女性把錢存夠，注重養生與保養，每天也是好好過,0,"[('女性', '保養')]",PTT
20180703,所以在比競爭力的時候大家只想著自己要做好工作保養好自己，誰還願意生養小孩？大部分女性一但生了孩子競爭力就會大幅下降，這種只求競爭力的作法實際上就是勸退生小孩的方式,0,"[('女性', '小孩'), ('女性', '保養')]",PTT
33773831,就像肥宅妄想讀文組女生多就會交到女朋友，殊不知女生還是只跟高帥交往,1,"[('女生', '文組')]",PTT
31468332,文組的女生都特別會爭，我完全不敢惹,0,"[('女生', '文組')]",PTT
8526287,沒事情你去認識化學系的幹麻？往文組發展阿，化學系的女生應該也不多吧,0,"[('女生', '文組')]",PTT
9530426,文組去麥當勞幹個大夜組長pt也有3.5w，遇紅雙倍還會到4萬，一堆女生在做,0,"[('女生', '文組')]",PTT
22409441,薪資算文組女生的前段班,0,"[('女生', '文組')]",PTT
1426246,女裝沒超過M是迎合女森胃口，買了覺得自己很瘦,0,"[('女森', '瘦')]",PTT
13255929,被燒到後不小心就逛了一個早上的官網，看到滿880會送單鑽耳環，女森的錢真的很好賺,0,"[('女森', None)]",PTT
25197222,無德無才無腦的女人,1,"[('女人', '無腦')]",PTT
1162577,有腦的女人周蕫無法駕馭，有顏值無腦的才是周董首選,1,"[('女人', '無腦')]",PTT
11260528,笑死，無腦哭哭台女選不上又被抓包是偷情女人 應該很氣,1,"[('台女', '無腦'), ('台女', '台女')]",PTT
22058127,從他每次被採訪就知道是標準無腦台女,1,"[('台女', '無腦'), ('台女', '台女')]",PTT
17474800,重點：學姊很漂亮,0,"[('學姊', '漂亮')]",PTT
5246905,那種果汁能喝，只有同情心氾濫的台女會喝吧,1,"[('台女', '同情'), ('台女', '台女')]",PTT
4164319,女人不論到哪個年紀，都很愛聽別人說很會保養,0,"[('女人', '保養')]",PTT
21474788,這就跟女人整組化妝品保養品一樣的概念啦,0,"[('女人', '保養'), ('女人', '化妝')]",PTT
1863536,女人阿...內衣保養品衣服包包買不停,0,"[('女人', '包包'), ('女人', '保養')]",PTT
12102686,哪來這麼多女性身材好年輕又漂亮,0,"[('女性', '漂亮'), ('女性', '年輕')]",PTT
9957683,民眾黨的女性年輕又漂亮，可以去坐櫃檯,0,"[('女性', '漂亮'), ('女性', '年輕')]",PTT
25922575,因為有實力的工程師有限，而想當空服員的正妹幾乎無限,0,"[('正妹', '空服員')]",PTT
26174032,我選擇在家看空服員正妹圖,0,"[('正妹', '空服員')]",PTT
32029829,正妹空服員,0,"[('正妹', '空服員')]",PTT
21627719,符合社會對女性的期待，溫柔婉約被欺負,0,"[('女性', '溫柔')]",PTT
33630825,原po正妹，聲音甜美，個性溫柔,0,"[('正妹', '溫柔')]",PTT
23743821,溫柔的正妹,0,"[('正妹', '溫柔')]",PTT
32029951,臉有一種很溫柔可人的氣質，非常讓人想娶回家當老婆，雖然臉型跟五官都不是標準正妹的版型，但是看起來很舒服,0,"[('老婆', '溫柔'), ('老婆', '正')]",PTT
1292787,我寧願公務員致富，一生只娶一個聰明溫柔性感的正妹，也不願為理想窮忙，或者搞一杯水主義,0,"[('正妹', '溫柔'), ('正妹', '性感')]",PTT
26059821,正妹的腳很性感尤其親下去那嬌羞的模樣，好讚,0,"[('正妹', '性感')]",PTT
27634308,可以請打掃阿姨幫忙，花點錢就可以弄乾淨了,0,"[('阿姨', '打掃')]",PTT
34096579,因為長榮空服員只錄取女生，只是簡章沒寫。,0,"[('女生', '空服員')]",PTT
1381419,你扮女人的樣子好淫蕩啊,1,"[('女人', '淫蕩')]",PTT
30179049,女人真的很喜歡自拍淫蕩騷樣，欠人幹,1,"[('女人', '淫蕩')]",PTT
24124739,有點扯，私大文組畢業的妹妹也差不多這行情,1,"[('妹妹', '文組')]",PTT
35775452,大部份的女生不喜歡膽小不表白的人，用等的常被中途劫走。,0,"[('女生', '情感/感情')]",PTT
25350257,一堆女生30時候不結婚，結果到40想法就改變了，突然變的很想要小孩，這是母性的天性,0,"[('女生', '結婚'), ('女生', '小孩')]",PTT
34300805,空服員就是台女素質赤裸裸的寫照,1,"[('台女', '空服員'), ('台女', '台女')]",PTT
7520748,笑看長榮法務電爆這群噁心台女空服員,1,"[('台女', '空服員'), ('台女', '台女')]",PTT
8106203,我要漂亮超正的學妹，龍貓妹你不要騙我哦,0,"[('學妹', '正'), ('學妹', '漂亮')]",PTT
9743403,醫院有正妹護理師教怎麼檢查嗎？,0,"[('正妹', '護理師')]",PTT
1606634,文組女生，大學國立法律系吊車尾上，家無恆產，沒背景，畢業第一份工作補習班夜班秘書薪水2萬5…不結婚的話，不考公職難道要去死嗎？,1,"[('女生', '秘書'), ('女生', '結婚'), ('女生', '文組')]",PTT
2630860,語言只是附加條件，找別的外商吧。女生正的話可以當秘書助理類,0,"[('女生', '秘書'), ('女生', '正')]",PTT
3001199,可以找到不錯的工作吧！很多工作都很吃英文，尤其秘書，但你的年紀會是老闆考慮的點，畢竟女生過30找工作會更難一些,0,"[('女生', '秘書'), ('女生', '老')]",PTT
23174543,他的髮型變很有女人味吧，相反的另外一外是髮型老氣，不過現在醫學美容太氾濫，不管誰要變更正也不是很難是敢不敢花錢而已，很多學生都敢花錢微整型、隆乳了,0,"[('女人', '美容'), ('女人', '老')]",PTT
8625834,學姐又正又溫柔，我超想參加的啊,0,"[('學姐', '溫柔'), ('學姐', '正')]",PTT
16317000,就是小女生一個嘛，又不是文靜型的，裝氣質反而會很假吧,1,"[('女生', '文靜'), ('女生', '氣質')]",PTT
12989675,你要知道正妹很多都是整形、各種保養、運動節食、化妝才能享受被人追的，你有在外表上做那麼多努力嗎？,0,"[('正妹', '保養'), ('正妹', '化妝')]",PTT
24803126,秘書姐姐,0,"[('姐姐', '秘書')]",PTT
32883472,吃清淡愛乾淨的處女才會沒味道,0,"[('處女', '乾淨')]",PTT
31498092,這女孩膚質保養真好,0,"[('女孩', '保養')]",PTT
10394972,除了秘書都要找能幹的女生，PM現在也都是女人天下,0,"[('女人', '秘書')]",PTT
24803145,其實社長這種個性，大概也只有秘書這樣的女人受的了吧,0,"[('女人', '秘書')]",PTT
26126252,有些不那麼漂亮的女生，反而很會使用手段博取關注和同情,0,"[('女生', '漂亮')]",PTT
3019027,有些女生真的喜歡被追的感覺,0,"[('女生', '被追')]",PTT
21106718,西裝沒一定身材看起來很醜，女孩穿套裝也怪怪，看台灣最近大學面試，真的沒幾個能看的,1,"[('女孩', '身材')]",PTT
8727884,推文靜女孩,0,"[('女孩', '文靜')]",PTT
20304892,這種高學歷，漂亮高校生，應該都是處女,0,"[('處女', '漂亮')]",PTT
14548019,漂亮的怎麼還有機會是處女啦，看你要找普一點 還是年輕的，然後龍的處女開條件一樣鄙視,1,"[('處女', '漂亮'), ('處女', '年輕')]",PTT
20602193,尤其用16歲以下的處女血，染出來特別漂亮,1,"[('處女', '漂亮')]",PTT
17282613,漂亮的處女不少！只是你沒遇到或遇不到而已你看到漂亮的女生當下就認定她不是處女？我就遇過幾個，被傷得很慘,0,"[('女生', '漂亮'), ('處女', '漂亮')]",PTT
2898644,讀文科，全班女生，畢業去科技業就會變成這樣,0,"[('女生', '文科')]",PTT
5559674,女生是談感性的動物,0,"[('女生', '感性')]",PTT
25330058,沒錯，女生都是感性居多 ,0,"[('女生', '感性')]",PTT
12966756,女生比較感性,1,"[('女生', '感性')]",PTT
11270113,女生個性較感性不理性，也促使難成大事,0,"[('女生', '感性')]",PTT
35417261,女人就是騷,1,"[('女人', '騷')]",PTT
26306102,女人的話要是能信屎都能吃，這是她們自己搞出來的評價,1,"[('女人', None)]",PTT
32640957,喜歡的女性類型：溫柔體貼的人,0,"[('女性', '溫柔'), ('女性', '體貼')]",PTT
26503090,處女麻煩，黏又什麼都不懂，只會躺著像死魚,1,"[('處女', '麻煩')]",PTT
12443458,處女太麻煩又沒經驗，行家才懂！,1,"[('處女', '麻煩')]",PTT
33875440,這樣來看的確是溫柔體貼好老婆,0,"[('老婆', '溫柔'), ('老婆', '體貼')]",PTT
7597236,超體貼的好老婆,0,"[('老婆', '體貼')]",PTT
21714381,適婚年齡的未婚女性,0,"[('女性', '結婚')]",PTT
25097954,我哪有!?我是文靜少女欸,0,"[('少女', '文靜')]",PTT
5619582,看長相，妹妹太醜的話還是算了,1,"[('妹妹', '醜')]",PTT
18405766,白痴才敢跟女人獨處,1,"[('女人', None)]",PTT
19949038,想穿的更暴露更火辣的女性多的是，物化過程是你情我願，會整天抗爭檢討的衛道人士多半是討不到便宜的人,1,"[('女性', '暴露')]",PTT
14636295,其實奶不是重點，重點是臉，我喜歡漂亮的女森,0,"[('女森', '漂亮')]",PTT
20416720,年輕漂亮的女森本來就有參選優勢阿,0,"[('女森', '漂亮')]",PTT
29530248,以我的標準來看，他長得就不正，就普女...,1,"[('普女', '正')]",PTT
4720309,正妹叫臥蠶，普女叫眼袋,0,"[('普女', '正')]",PTT
21743792,炮友可以，當老婆的不能無腦,0,"[('老婆', '無腦')]",PTT
21743746,無腦女友可以，不理性老婆不行,0,"[('女友', '無腦')]",PTT
21743777,當女朋友無腦很棒，當老婆絕對不行,0,"[('女朋友', '無腦')]",PTT
11675638,女森本來就比較感性，可以理解,0,"[('女森', '感性')]",PTT
22133471,女森是感性的，不要試著分析，他看你對了不管是什麼都是對的了，反之亦然,0,"[('女森', '感性')]",PTT
6686174,學姊長的漂亮可以去坐櫃台，而且不用化妝也不會嚇到人,0,"[('學姊', '漂亮'), ('學姊', '化妝')]",PTT
30250112,一個女性不化妝不刮毛就像沒穿衣服一樣,0,"[('女性', '化妝')]",PTT
29835430,不說不就好了反正對方約過墮胎過也不會跟你說，現在的臺女都只有表面上反對一夜情，實際上身體卻很誠實的去約炮,1,"[('臺女', '臺女')]",PTT
26194833,反正臺女整天誣告不值得同情,0,"[('臺女', '臺女')]",PTT
9481457,臺女正常發揮,0,"[('臺女', '臺女')]",PTT
26374479,女人都跑去讀文組怪誰,0,"[('女人', '文組')]",PTT
11683214,私立文組台女開台破車也是很正常的，不然要開Lexus嗎,1,"[('台女', '文組'), ('台女', '台女')]",PTT
7528016,台女勢利,1,"[('台女', '勢利'), ('台女', '台女')]",PTT
16646570,沒文組台女怎麼辦？,0,"[('台女', '文組'), ('台女', '台女')]",PTT
34342900,臺女一堆去韓國改造醫美到處開好意思嘴別人整形,1,"[('臺女', '臺女')]",PTT
21762221,都是女生穿著太暴露的錯啦！！！,0,"[('女生', '暴露')]",PTT
8085214,真是體貼的好學姐,0,"[('學姐', '體貼')]",PTT
8412641,台女真的賤，自己淫蕩還想害人,1,"[('台女', '淫蕩'), ('台女', '台女')]",PTT
10155196,可見現在年輕台女多淫蕩下賤,1,"[('台女', '淫蕩'), ('台女', '年輕'), ('台女', '台女')]",PTT
31543704,台女都應該關在家裡，出門上班拋頭露面就是淫蕩犯賤想被幹,1,"[('台女', '淫蕩'), ('台女', '台女')]",PTT
22528555,給你個人經驗，別管台女了，難搞,1,"[('台女', '台女')]",PTT
15815984,沒看過女森胖子,0,"[('女森', '胖')]",PTT
9377886,台女最沒公主病的大概就護理師了,0,"[('台女', '護理師'), ('台女', '台女')]",PTT
11285769,穿暴露的女人是鼓勵人家性騷擾,1,"[('女人', '暴露'), ('女', '騷擾')]",PTT
9666117,台女...不刮乾淨也敢上場,1,"[('台女', '乾淨'), ('台女', '台女')]",PTT
9666234,毛刮乾淨啦，台女,1,"[('台女', '乾淨'), ('台女', '台女')]",PTT
11343892,就算這樣，還是比一堆台女乾淨一點,1,"[('台女', '台女')]",PTT
11604437,女生的上進心是維持身材、美容保養,0,"[('女生', '美容'), ('女生', '保養')]",PTT
30786209,女生要睡美容覺吧,0,"[('女生', '美容')]",PTT
11604951,女生夠淫蕩的話，普妹也能打炮打不完,1,"[('女生', '淫蕩')]",PTT
20089976,有些女生眼神就很淫蕩,1,"[('女生', '淫蕩')]",PTT
11661863,多數台女都是醜女、恐龍妹、大嬸、肥婆、瑕疵品，再加上多數台女是愛計較、沒能力、有公主病的爛貨，如果台女的存款還不及格，台女就真的是垃圾中的垃圾台女只有缺點、沒有優點，台女就是全世界的笑話,1,"[('台女', '恐龍'), ('台女', '醜')]",PTT
31387658,一個美女跟一個普女同時愛上自己，會選普通的那個才怪,0,"[('普女', '美')]",PTT
12114512,文科老處女國小老師更恐怖好嗎,1,"[('處女', '文科'), ('處女', '老')]",PTT
12395202,文組正妹最愛這種,1,"[('正妹', '文組')]",PTT
23707067,女孩子喜歡逛街，所以得要注重穿著,0,"[('女孩', '逛街')]",PTT
13992409,婦女票也是決勝重點，女人大多是感性的，所以負面字詞愈少愈好。,0,"[('女人', '感性')]",PTT
25449953,女人果然是感性大於理性,0,"[('女人', '感性')]",PTT
34374130,女人是感性的,0,"[('女人', '感性')]",PTT
31256231,陪酒當然要找長腿正妹,0,"[('正妹', '陪酒'), ('正妹', '長腿')]",PTT
14593423,文組女生平常90%的時間都在追劇、逛網拍、到處拍網美照，快畢業了才驚覺自己什麼都不會,0,"[('女生', '文組'), ('女生', '美')]",PTT
15157155,白痴關鍵字，女性,1,"[('女性', '白痴')]",PTT
15771389,台女太廢要跟人家吵也不會，只會在那邊感性有夠白癡,1,"[('台女', '感性'), ('台女', '白痴'), ('台女', '台女')]",PTT
17073540,怎麼老覺得這迷彩比較像是女生的拼花還是碎花啊 ,0,"[('女生', '碎花')]",PTT
20594032,女孩子家沒事別出門，出門被強姦了一定是穿著暴露不得體，給家人蒙羞被強姦，最好別報警上新聞，不然會讓家人不堪,1,"[('女孩', '暴露')]",PTT
30132648,女生的普女=醜,1,"[('女生', '醜'), ('普女', '醜')]",PTT
30132837,連女生都覺得是普女，想必是真的很醜,1,"[('女生', '醜'), ('普女', '醜')]",PTT
20712498,老女人就算了吧,1,"[('女人', '老')]",PTT
27219672,問題是﹐女人會老﹗,0,"[('女人', '老')]",PTT
18990841,還好我家蟹仔當時夠主動我才沒變老處女,0,"[('處女', '老')]",PTT
25034881,有些老處女心態真的頗怪異,1,"[('處女', '老')]",PTT
20989122,遇到好老婆真的很重要，反觀台女,1,"[('台女', '台女')]",PTT
28871177,台女日常，看到老外癢到受不了,1,"[('台女', '台女')]",PTT
11177070,老台女，不意外,0,"[('台女', '老'), ('台女', '台女')]",PTT
14359666,老台女,0,"[('台女', '老'), ('台女', '台女')]",PTT
36566991,台女找人打炮超容易，一天過濾N個,1,"[('台女', '台女')]",PTT
11720171,國小女老師，恐怖台女,1,"[('台女', '台女')]",PTT
20437743,您老母是不是也是死台女,1,"[('台女', '台女')]",PTT
17735668,台女的錢真好騙,0,"[('台女', '台女')]",PTT
15441528,台女不能當老師媽的，嘴巴超毒,1,"[('台女', '台女')]",PTT
18202792,正妹每天被人意淫還不是越穿越騷，台灣價值就是台女價值懂？,1,"[('台女', '騷'), ('台女', '台女')]",PTT
21009053,台女正常發揮,0,"[('台女', '台女')]",PTT
11934397,沒水準台女正常發揮,1,"[('台女', '台女')]",PTT
20122132,已尻，謝謝，反正台女就是欠意淫,1,"[('台女', '台女')]",PTT
11362568,第一次看就知道是標準的藝校無腦正妹啊，少見多怪,1,"[('正妹', '無腦')]",PTT
11929877,想幹無腦正妹的主管會錄取,1,"[('正妹', '無腦')]",PTT
21743824,這題目和問無腦正妹不是一樣嗎,1,"[('正妹', '無腦')]",PTT
15553580,所以不夠正的女生，一出生就沒希望了,0,"[('女生', '正')]",PTT
25662525,我以為小女生愛漂亮是正常的呢,0,"[('女生', '漂亮')]",PTT
27632431,但是....女生會胖內,1,"[('女生', '胖')]",PTT
6969385,女生體重只要是5字頭就是胖就對了,0,"[('女生', '胖')]",PTT
33934849,女生就是要瘦瘦的,0,"[('女生', '瘦')]",PTT
29290596,你的影片女孩裝的太老成，失去原本美感,0,"[('女孩', '老')]",PTT
25868331,女生有化妝讓外表可以加分加很大啊,0,"[('女生', '化妝')]",PTT
34219195,女人要打扮,0,"[('女人', '打扮')]",PTT
6719538,女生還是要靠化妝啦，素顏好看的幾乎很少，亞洲人塌鼻眼睛小，怎麼好看?,1,"[('女生', '化妝')]",PTT
30595937,你忍心讓正妹走樓梯,0,"[('正妹', '正')]",PTT
25033027,有結婚的阿婆多半慈祥，性生活不美滿的老處女就很機掰,1,"[('處女', '老'), ('處女', '結婚')]",PTT
14934735,沒錯！結婚前沒有處女膜的都是下等人,1,"[('處女', '結婚')]",PTT
2521767,因為女孩會跟你說結婚才可以，結果忍到結婚發現不是處女,0,"[('女孩', '結婚'), ('處女', '結婚')]",PTT
1085359,女森背叛是正常的,0,"[('女森', None)]",PTT
5914720,女森為了錢背叛是很正常的,0,"[('女森', '物質')]",PTT
29373855,女生還是愛漂亮,0,"[('女生', '漂亮')]",PTT
38807,你知道現在多少國高中女生體育課就是躲在樹蔭下嗎？,0,"[('女生', '興趣愛好')]",PTT
7374587,女生當網美拿IPHONE比較適合,0,"[('女生', '興趣愛好')]",PTT
29659486,女生什麼都不會，那就要正 …不過到老了還什麼都不會 就沒人要了,1,"[('女生', '正'), ('女生', '老'), ('女生', '什麼都不會')]",PTT
24010916,女人對外表的批評又太敏感,0,"[('女人', '敏感')]",PTT
29565379,文靜內向正妹還有機會,0,"[('正妹', '文靜')]",PTT